"annee","id","canton","total","cereales","pdt","graines","autres","total_arr","cereales_arr","pdt_arr","graines_arr","autres_arr"
"1999","VD","Vaud","1433,67","221,36","32,02","26","83,39","1434","221","32","26","83"
"1999","VS","Valais","2504,21","26,08","0,27","5,84","54,77","2504","26","0","6","55"
"1999","GE","Genève","138,37","10,17","1,18","0,9","5,52","138","10","1","1","6"
"1999","BE","Berne","15326,2","733,54","41","156,83","241,38","15326","734","41","157","241"
"1999","FR","Fribourg","1163,03","173,11","8,14","41,45","124,55","1163","173","8","41","125"
"1999","SO","Soleure","2608,93","167,21","10,86","28,92","98,56","2609","167","11","29","99"
"1999","NE","Neuchâtel","777,05","33,15","9,64","2,9","4,42","777","33","10","3","4"
"1999","JU","Jura","1390,38","67,89","0","7,28","10,26","1390","68","0","7","10"
"1999","BS","Bâle-Ville","66,05","14,2","0","0,3","2,85","66","14","0","0","3"
"1999","BL","Bâle-Campagne","2524,56","190,58","18,14","9,98","82,32","2525","191","18","10","82"
"1999","AG","Argovie","2916,02","469,28","14,08","39,64","190,19","2916","469","14","40","190"
"1999","ZH","Zurich","5432,61","509,07","39,11","73,06","403,38","5433","509","39","73","403"
"1999","GL","Glaris","1082,88","0","0","0","0","1083","0","0","0","0"
"1999","SH","Schaffhouse","288,79","52,03","5,74","5,6","27,49","289","52","6","6","27"
"1999","AR","Appenzell Rh.-Ext.","2044,68","0,65","0","0,42","0,32","2045","1","0","0","0"
"1999","AI","Appenzell Rh.-Int.","312,01","0","0","0,45","0","312","0","0","0","0"
"1999","SG","Saint-Gall","6605,23","49,79","0","5,39","54,96","6605","50","0","5","55"
"1999","GR","Grisons","20698,11","257,85","10,99","20,37","87,91","20698","258","11","20","88"
"1999","TG","Thurgovie","2529,17","329,78","22,92","42,24","231,92","2529","330","23","42","232"
"1999","LU","Lucerne","3344,3","197,31","5,4","24,71","90,24","3344","197","5","25","90"
"1999","UR","Uri","383,12","0","0","0,15","0,5","383","0","0","0","1"
"1999","SZ","Schwyz","1543,9","0","0","0,4","6,49","1544","0","0","0","6"
"1999","OW","Obwald","1209,33","0","0","0,7","1","1209","0","0","1","1"
"1999","NW","Nidwald","655,29","0","0","0,52","1,89","655","0","0","1","2"
"1999","ZG","Zoug","1073,9","27,25","0","5,24","13,81","1074","27","0","5","14"
"1999","TI","Tessin","1216,94","47,97","5,3","0,76","31,31","1217","48","5","1","31"
"2000","VD","Vaud","1493,84","246,13","24,88","10,59","110,6","1494","246","25","11","111"
"2000","VS","Valais","2693,71","34,48","6,39","0,1","51","2694","34","6","0","51"
"2000","GE","Genève","104,43","1,63","1,21","0","4,52","104","2","1","0","5"
"2000","BE","Berne","16345,86","764,46","156,25","2,46","292,86","16346","764","156","2","293"
"2000","FR","Fribourg","1210,1","165,84","44,03","2,87","140,61","1210","166","44","3","141"
"2000","SO","Soleure","2588,14","145,69","24,13","0,96","83,18","2588","146","24","1","83"
"2000","NE","Neuchâtel","1001,87","57,81","0,56","4,3","10,1","1002","58","1","4","10"
"2000","JU","Jura","1408,03","61,49","3,59","2,82","7,43","1408","61","4","3","7"
"2000","BS","Bâle-Ville","62,29","13,85","0,25","0","2,75","62","14","0","0","3"
"2000","BL","Bâle-Campagne","2559,05","208,47","10,64","5,11","87,65","2559","208","11","5","88"
"2000","AG","Argovie","3153,14","501,07","44,52","9,33","233,59","3153","501","45","9","234"
"2000","ZH","Zurich","5691,27","548,52","63,96","5,55","457,61","5691","549","64","6","458"
"2000","GL","Glaris","1121,55","0","0","0","0","1122","0","0","0","0"
"2000","SH","Schaffhouse","310,75","58,65","5,46","1,13","40,79","311","59","5","1","41"
"2000","AR","Appenzell Rh.-Ext.","2053,24","0,5","0,56","0","0,32","2053","1","1","0","0"
"2000","AI","Appenzell Rh.-Int.","330,84","0","0,45","0","0","331","0","0","0","0"
"2000","SG","Saint-Gall","6827,12","57,33","6,46","0","52,06","6827","57","6","0","52"
"2000","GR","Grisons","21237,56","232,83","18,26","0,34","104,7","21238","233","18","0","105"
"2000","TG","Thurgovie","2834,04","396,58","52,24","8,25","274,26","2834","397","52","8","274"
"2000","LU","Lucerne","3422,77","202,77","23,22","1,31","91,48","3423","203","23","1","91"
"2000","UR","Uri","390,98","0","0,15","0","0,5","391","0","0","0","1"
"2000","SZ","Schwyz","1616,7","1,26","0,48","0","3,4","1617","1","0","0","3"
"2000","OW","Obwald","1193,4","0","0,4","0","1","1193","0","0","0","1"
"2000","NW","Nidwald","645,1","0","0,32","0","2,66","645","0","0","0","3"
"2000","ZG","Zoug","1185,23","19,01","5,3","0","8,56","1185","19","5","0","9"
"2000","TI","Tessin","1256,21","38,97","2,13","5,56","24,1","1256","39","2","6","24"
"2001","VD","Vaud","1963,77","298,2","35,04","17,89","107,1","1964","298","35","18","107"
"2001","VS","Valais","2908,27","36,42","5,64","0","34,22","2908","36","6","0","34"
"2001","GE","Genève","78,4","1,47","0","0,58","0,83","78","1","0","1","1"
"2001","BE","Berne","18822,21","787,28","160,05","3,2","320,04","18822","787","160","3","320"
"2001","FR","Fribourg","1267,81","168,71","37,27","4,75","128,75","1268","169","37","5","129"
"2001","SO","Soleure","2795,47","149,99","34,27","0,96","90,92","2795","150","34","1","91"
"2001","NE","Neuchâtel","1062,94","59,09","1,14","2,15","11,15","1063","59","1","2","11"
"2001","JU","Jura","1794,19","139,72","5,4","0","14,99","1794","140","5","0","15"
"2001","BS","Bâle-Ville","66,94","14,5","0,36","0","2,75","67","15","0","0","3"
"2001","BL","Bâle-Campagne","2680,25","211,64","10,02","5,24","85,25","2680","212","10","5","85"
"2001","AG","Argovie","3399,96","543,45","44,57","5,7","256,76","3400","543","45","6","257"
"2001","ZH","Zurich","6343,96","598,58","75,03","3,58","553,68","6344","599","75","4","554"
"2001","GL","Glaris","1522,6","0","0","0","0","1523","0","0","0","0"
"2001","SH","Schaffhouse","298,73","54,66","4,86","0","38,6","299","55","5","0","39"
"2001","AR","Appenzell Rh.-Ext.","2261,49","0,5","0,42","0","1,12","2261","1","0","0","1"
"2001","AI","Appenzell Rh.-Int.","366,1","0,11","0,45","0","0","366","0","0","0","0"
"2001","SG","Saint-Gall","7711,47","57,94","7,12","3,07","57,38","7711","58","7","3","57"
"2001","GR","Grisons","23362,84","233,7","19,45","0","120,29","23363","234","19","0","120"
"2001","TG","Thurgovie","3551,73","462,52","63,46","6,75","314,8","3552","463","63","7","315"
"2001","LU","Lucerne","4087,31","237,08","22,46","0","96,83","4087","237","22","0","97"
"2001","UR","Uri","460,08","0","0,2","0","0,5","460","0","0","0","1"
"2001","SZ","Schwyz","1878,16","1,69","0,48","0","5,66","1878","2","0","0","6"
"2001","OW","Obwald","1816,11","0","0,42","0","4,59","1816","0","0","0","5"
"2001","NW","Nidwald","720","0","0,56","0","2,7","720","0","1","0","3"
"2001","ZG","Zoug","1391,43","23,11","4,63","0","15,02","1391","23","5","0","15"
"2001","TI","Tessin","1340","36,78","1,9","3","21,54","1340","37","2","3","22"
"2002","VD","Vaud","2354,74","295,05","37,37","14,35","147,37","2355","295","37","14","147"
"2002","VS","Valais","3592,11","42,5","7,87","1","43,35","3592","43","8","1","43"
"2002","GE","Genève","103,8","4,82","0,95","1,1","7,51","104","5","1","1","8"
"2002","BE","Berne","19045,28","753,91","150,34","9,44","319,74","19045","754","150","9","320"
"2002","FR","Fribourg","1820,59","162,75","40,44","3,67","163,61","1821","163","40","4","164"
"2002","SO","Soleure","2974,65","152,28","36,24","0","112,6","2975","152","36","0","113"
"2002","NE","Neuchâtel","1109,69","60,51","0,61","1,92","10,16","1110","61","1","2","10"
"2002","JU","Jura","2389,02","184,36","8,22","0","35,64","2389","184","8","0","36"
"2002","BS","Bâle-Ville","66,94","14,51","0,4","0","2,9","67","15","0","0","3"
"2002","BL","Bâle-Campagne","2988,2","245,81","13,59","2,7","117,27","2988","246","14","3","117"
"2002","AG","Argovie","3665,61","550,54","52,3","3,68","262,81","3666","551","52","4","263"
"2002","ZH","Zurich","6841,41","634,04","75,19","15,53","590,54","6841","634","75","16","591"
"2002","GL","Glaris","1606,7","0","0","0","0,3","1607","0","0","0","0"
"2002","SH","Schaffhouse","372,48","63,51","10,27","0","38,31","372","64","10","0","38"
"2002","AR","Appenzell Rh.-Ext.","2282,63","0","0,45","0","2,09","2283","0","0","0","2"
"2002","AI","Appenzell Rh.-Int.","429,4","0","0,45","0","0","429","0","0","0","0"
"2002","SG","Saint-Gall","7940,2","59,65","6,38","0","55,43","7940","60","6","0","55"
"2002","GR","Grisons","26134,27","243,46","19,99","0","131,72","26134","243","20","0","132"
"2002","TG","Thurgovie","3806,49","458,7","87,75","6,71","369,7","3806","459","88","7","370"
"2002","LU","Lucerne","4501,77","246,56","35,74","0,7","134,69","4502","247","36","1","135"
"2002","UR","Uri","504,03","0","0,22","0","0,3","504","0","0","0","0"
"2002","SZ","Schwyz","2116,29","2,38","0,62","0","3,77","2116","2","1","0","4"
"2002","OW","Obwald","2333,19","0","0,4","0","2,25","2333","0","0","0","2"
"2002","NW","Nidwald","773,3","0","0,65","0","2,76","773","0","1","0","3"
"2002","ZG","Zoug","1431,1","23,5","3,01","0","13,12","1431","24","3","0","13"
"2002","TI","Tessin","1458,22","38,99","1,42","4,05","28,44","1458","39","1","4","28"
"2003","VD","Vaud","2875,85","331,34","30,9","27,3","182,24","2876","331","31","27","182"
"2003","VS","Valais","4020,43","37,87","6,02","0,45","36,07","4020","38","6","0","36"
"2003","GE","Genève","118,05","4,03","1,06","1,37","8,33","118","4","1","1","8"
"2003","BE","Berne","19545","781,28","142,22","2,59","356,41","19545","781","142","3","356"
"2003","FR","Fribourg","2022,34","192,12","46,22","7,13","169,01","2022","192","46","7","169"
"2003","SO","Soleure","3026,72","150,81","33,42","0","117,25","3027","151","33","0","117"
"2003","NE","Neuchâtel","1234,02","62,18","2,39","3,13","10,22","1234","62","2","3","10"
"2003","JU","Jura","2925,92","224,56","12,92","0","45,22","2926","225","13","0","45"
"2003","BS","Bâle-Ville","66,07","13,4","0,35","0","2,2","66","13","0","0","2"
"2003","BL","Bâle-Campagne","2934,37","229,37","12,8","1,51","102,47","2934","229","13","2","102"
"2003","AG","Argovie","3842,69","560,55","49,31","6,11","281,3","3843","561","49","6","281"
"2003","ZH","Zurich","7019,6","591,97","86,33","11,27","637,92","7020","592","86","11","638"
"2003","GL","Glaris","1652,69","0","0","0","0,4","1653","0","0","0","0"
"2003","SH","Schaffhouse","414,97","79,85","10,65","4,88","36,3","415","80","11","5","36"
"2003","AR","Appenzell Rh.-Ext.","2380,07","0,89","0,5","0","1,13","2380","1","1","0","1"
"2003","AI","Appenzell Rh.-Int.","465,66","0","0,5","0","0","466","0","1","0","0"
"2003","SG","Saint-Gall","8189,84","77,95","9,15","0,5","52,56","8190","78","9","1","53"
"2003","GR","Grisons","28570,66","245,76","24,64","0","132,71","28571","246","25","0","133"
"2003","TG","Thurgovie","3877,95","451,37","88,05","0,63","376,7","3878","451","88","1","377"
"2003","LU","Lucerne","4605,42","250,91","35,13","0,75","143,63","4605","251","35","1","144"
"2003","UR","Uri","674,39","0","0,22","0","1,5","674","0","0","0","2"
"2003","SZ","Schwyz","2330,37","3","0,77","0","4,08","2330","3","1","0","4"
"2003","OW","Obwald","2467,16","0","0,4","0","1,55","2467","0","0","0","2"
"2003","NW","Nidwald","902,48","0","0,65","0","2,76","902","0","1","0","3"
"2003","ZG","Zoug","1425,94","23,88","2,49","0","14,12","1426","24","2","0","14"
"2003","TI","Tessin","1501,48","29,12","4,7","8,71","25,73","1501","29","5","9","26"
"2004","VD","Vaud","3073,37","347,35","41,49","28,35","195,29","3073","347","41","28","195"
"2004","VS","Valais","4471,03","46,34","7,27","5,18","37,59","4471","46","7","5","38"
"2004","GE","Genève","103,17","1,7","0,72","0","3,36","103","2","1","0","3"
"2004","BE","Berne","20994,33","846,85","157,94","5,21","377,86","20994","847","158","5","378"
"2004","FR","Fribourg","2404,58","194,07","45,06","5,69","195,67","2405","194","45","6","196"
"2004","SO","Soleure","3076,16","138,92","37,86","3,39","124,91","3076","139","38","3","125"
"2004","NE","Neuchâtel","1314,01","55,74","1,81","0","23,92","1314","56","2","0","24"
"2004","JU","Jura","3114,55","214,36","14,82","0","42,63","3115","214","15","0","43"
"2004","BS","Bâle-Ville","66,63","15,62","0,2","0","1,93","67","16","0","0","2"
"2004","BL","Bâle-Campagne","2788,32","181,24","10,99","0","82,23","2788","181","11","0","82"
"2004","AG","Argovie","3954,98","570,91","43,45","6,26","319,26","3955","571","43","6","319"
"2004","ZH","Zurich","6934,03","631,31","83,96","21,93","563,6","6934","631","84","22","564"
"2004","GL","Glaris","1659,63","0","0","0","0,4","1660","0","0","0","0"
"2004","SH","Schaffhouse","496,95","98,39","15,47","5,81","52,05","497","98","15","6","52"
"2004","AR","Appenzell Rh.-Ext.","2478,58","0,95","0,52","0","1,13","2479","1","1","0","1"
"2004","AI","Appenzell Rh.-Int.","470,1","0","0,5","0","0","470","0","1","0","0"
"2004","SG","Saint-Gall","8984,34","84,33","7,45","0,5","75,7","8984","84","7","1","76"
"2004","GR","Grisons","29368,24","194,59","24,16","0","143,61","29368","195","24","0","144"
"2004","TG","Thurgovie","4064,9","469,78","95,38","3,26","370,66","4065","470","95","3","371"
"2004","LU","Lucerne","4820,57","256,29","23,93","1,08","135,21","4821","256","24","1","135"
"2004","UR","Uri","752,36","0","0,27","0","0,32","752","0","0","0","0"
"2004","SZ","Schwyz","2482,36","2,88","1,1","0","4,19","2482","3","1","0","4"
"2004","OW","Obwald","2518,94","1,46","0","0","1,59","2519","1","0","0","2"
"2004","NW","Nidwald","992,38","0","0,65","0","2,26","992","0","1","0","2"
"2004","ZG","Zoug","1474,02","30,13","2,09","0","13,53","1474","30","2","0","14"
"2004","TI","Tessin","1702,2","45,08","0,23","5,51","24,47","1702","45","0","6","24"
"2005","VD","Vaud","3145,03","427,72","27,92","52,78","161,91","3145","428","28","53","162"
"2005","VS","Valais","4697,93","93,58","5,69","13,07","67,77","4698","94","6","13","68"
"2005","GE","Genève","144,22","5,89","1,85","2,43","10,41","144","6","2","2","10"
"2005","BE","Berne","21014,54","941,76","146,99","7,44","382,42","21015","942","147","7","382"
"2005","FR","Fribourg","2391,68","185,16","44,03","5,79","187,57","2392","185","44","6","188"
"2005","SO","Soleure","3239,4","190,96","37,21","1,3","120,89","3239","191","37","1","121"
"2005","NE","Neuchâtel","1297,14","63,48","2,14","0","15,75","1297","63","2","0","16"
"2005","JU","Jura","3093,49","225,66","8,19","1,5","44,03","3093","226","8","2","44"
"2005","BS","Bâle-Ville","89,24","25,01","0,2","0","2,75","89","25","0","0","3"
"2005","BL","Bâle-Campagne","3092,03","259,44","10,18","0,5","97,93","3092","259","10","1","98"
"2005","AG","Argovie","4082,61","659,56","36,78","10,4","333,32","4083","660","37","10","333"
"2005","ZH","Zurich","7090,7","714,43","66,43","19,9","546,72","7091","714","66","20","547"
"2005","GL","Glaris","1708,59","0","0","0","0,4","1709","0","0","0","0"
"2005","SH","Schaffhouse","536,33","111,05","9,59","7,25","58,01","536","111","10","7","58"
"2005","AR","Appenzell Rh.-Ext.","2384,95","0","0,44","0","0,35","2385","0","0","0","0"
"2005","AI","Appenzell Rh.-Int.","482,96","0","0,2","0","0","483","0","0","0","0"
"2005","SG","Saint-Gall","9015,72","105,39","4,75","0","67,09","9016","105","5","0","67"
"2005","GR","Grisons","30226,08","188,63","23,08","0","139,76","30226","189","23","0","140"
"2005","TG","Thurgovie","4089,76","562,39","61,63","7,98","361","4090","562","62","8","361"
"2005","LU","Lucerne","4991,95","306,89","15,08","2,4","149,65","4992","307","15","2","150"
"2005","UR","Uri","858,92","0","0,27","0","0,32","859","0","0","0","0"
"2005","SZ","Schwyz","2640,77","2,06","0,83","0","3,59","2641","2","1","0","4"
"2005","OW","Obwald","2554,93","0,87","0,14","0","1,59","2555","1","0","0","2"
"2005","NW","Nidwald","999,58","0","0,75","0","2,36","1000","0","1","0","2"
"2005","ZG","Zoug","1436,01","26,06","1,87","0","14,01","1436","26","2","0","14"
"2005","TI","Tessin","1812,01","41,66","0,17","12,64","26,25","1812","42","0","13","26"
"2006","VD","Vaud","","","","","","0","0","0","0","0"
"2006","VS","Valais","","","","","","0","0","0","0","0"
"2006","GE","Genève","","","","","","0","0","0","0","0"
"2006","BE","Berne","","","","","","0","0","0","0","0"
"2006","FR","Fribourg","","","","","","0","0","0","0","0"
"2006","SO","Soleure","","","","","","0","0","0","0","0"
"2006","NE","Neuchâtel","","","","","","0","0","0","0","0"
"2006","JU","Jura","","","","","","0","0","0","0","0"
"2006","BS","Bâle-Ville","","","","","","0","0","0","0","0"
"2006","BL","Bâle-Campagne","","","","","","0","0","0","0","0"
"2006","AG","Argovie","","","","","","0","0","0","0","0"
"2006","ZH","Zurich","","","","","","0","0","0","0","0"
"2006","GL","Glaris","","","","","","0","0","0","0","0"
"2006","SH","Schaffhouse","","","","","","0","0","0","0","0"
"2006","AR","Appenzell Rh.-Ext.","","","","","","0","0","0","0","0"
"2006","AI","Appenzell Rh.-Int.","","","","","","0","0","0","0","0"
"2006","SG","Saint-Gall","","","","","","0","0","0","0","0"
"2006","GR","Grisons","","","","","","0","0","0","0","0"
"2006","TG","Thurgovie","","","","","","0","0","0","0","0"
"2006","LU","Lucerne","","","","","","0","0","0","0","0"
"2006","UR","Uri","","","","","","0","0","0","0","0"
"2006","SZ","Schwyz","","","","","","0","0","0","0","0"
"2006","OW","Obwald","","","","","","0","0","0","0","0"
"2006","NW","Nidwald","","","","","","0","0","0","0","0"
"2006","ZG","Zoug","","","","","","0","0","0","0","0"
"2006","TI","Tessin","","","","","","0","0","0","0","0"
"2007","VD","Vaud","3264,39","482,32","35,19","58,1","123,53","3264","482","35","58","124"
"2007","VS","Valais","4915,98","47,35","2,78","4,74","51,66","4916","47","3","5","52"
"2007","GE","Genève","287,58","73,19","4,25","26,75","25,9","288","73","4","27","26"
"2007","BE","Berne","19594,4","859,07","143,33","15,95","366,13","19594","859","143","16","366"
"2007","FR","Fribourg","2632,44","211,01","46,46","4,1","216,7","2632","211","46","4","217"
"2007","SO","Soleure","3340,65","187,05","40,31","1","107,72","3341","187","40","1","108"
"2007","NE","Neuchâtel","1286,13","47,93","3,02","0","10,92","1286","48","3","0","11"
"2007","JU","Jura","2902,33","204,18","8,35","0","31,3","2902","204","8","0","31"
"2007","BS","Bâle-Ville","78,44","21,79","0","0","2","78","22","0","0","2"
"2007","BL","Bâle-Campagne","2994,14","275,55","12,09","0","97,05","2994","276","12","0","97"
"2007","AG","Argovie","4156,48","666,58","38,32","34,79","295,72","4156","667","38","35","296"
"2007","ZH","Zurich","7066,4","674,52","89,88","21,9","581,5","7066","675","90","22","582"
"2007","GL","Glaris","1594,82","0","0","0","1,37","1595","0","0","0","1"
"2007","SH","Schaffhouse","553,23","113,51","12,06","11,14","56,2","553","114","12","11","56"
"2007","AR","Appenzell Rh.-Ext.","2305,1","0,25","0,31","0","2,35","2305","0","0","0","2"
"2007","AI","Appenzell Rh.-Int.","449,11","0","0,2","0","0","449","0","0","0","0"
"2007","SG","Saint-Gall","8323,8","84,63","3,41","0,98","64,87","8324","85","3","1","65"
"2007","GR","Grisons","31621,22","154,01","23,25","0,15","152,18","31621","154","23","0","152"
"2007","TG","Thurgovie","4108,54","526,45","83,05","21,36","349,41","4109","526","83","21","349"
"2007","LU","Lucerne","5085,27","283,88","31,48","10,8","189,29","5085","284","31","11","189"
"2007","UR","Uri","929,65","0","0,27","0","1,2","930","0","0","0","1"
"2007","SZ","Schwyz","2528,23","0,95","0,93","0","3,31","2528","1","1","0","3"
"2007","OW","Obwald","2414,26","0","0,08","0","1,04","2414","0","0","0","1"
"2007","NW","Nidwald","937,72","0","0,25","0","3,11","938","0","0","0","3"
"2007","ZG","Zoug","1369,84","24,71","2,1","2,2","11,11","1370","25","2","2","11"
"2007","TI","Tessin","1900,38","17,42","0,35","6,55","33,48","1900","17","0","7","33"
"2008","VD","Vaud","3378,76","495,88","27,92","65,15","132,2","3379","496","28","65","132"
"2008","VS","Valais","4861,58","46,86","2,52","4,74","50,52","4862","47","3","5","51"
"2008","GE","Genève","353,18","93,99","0,15","37,06","35,14","353","94","0","37","35"
"2008","BE","Berne","18986,41","825,49","129,96","15,32","353,29","18986","825","130","15","353"
"2008","FR","Fribourg","2643,98","222,33","52,21","13,22","224,44","2644","222","52","13","224"
"2008","SO","Soleure","3285,62","178,69","36,17","1,48","99,67","3286","179","36","1","100"
"2008","NE","Neuchâtel","1229,51","43,01","4,32","7,75","13,81","1230","43","4","8","14"
"2008","JU","Jura","2972,49","241,03","4,88","3,6","51,59","2972","241","5","4","52"
"2008","BS","Bâle-Ville","81,03","26,86","0","0","0","81","27","0","0","0"
"2008","BL","Bâle-Campagne","2747,44","213,65","11,48","2","88,17","2747","214","11","2","88"
"2008","AG","Argovie","4109,83","621,56","33,98","28,8","318,21","4110","622","34","29","318"
"2008","ZH","Zurich","6874,66","669,2","78,64","18,91","615,09","6875","669","79","19","615"
"2008","GL","Glaris","1558,23","0","0","0","0,4","1558","0","0","0","0"
"2008","SH","Schaffhouse","534,95","125,5","11,43","13,81","50,89","535","126","11","14","51"
"2008","AR","Appenzell Rh.-Ext.","2250,73","0","0,31","0","2,38","2251","0","0","0","2"
"2008","AI","Appenzell Rh.-Int.","368,72","0","0,2","0","0","369","0","0","0","0"
"2008","SG","Saint-Gall","7533,52","82,93","3,12","0,87","72,03","7534","83","3","1","72"
"2008","GR","Grisons","31167,75","153,48","18,89","0,62","147,68","31168","153","19","1","148"
"2008","TG","Thurgovie","4148,9","540,06","88,15","18,79","371,09","4149","540","88","19","371"
"2008","LU","Lucerne","4948,09","286,79","25,32","12,15","209,12","4948","287","25","12","209"
"2008","UR","Uri","942,93","0","0,27","0","2,12","943","0","0","0","2"
"2008","SZ","Schwyz","2494,71","1,84","1,03","0","3,31","2495","2","1","0","3"
"2008","OW","Obwald","2326,64","0","0,08","0","0,64","2327","0","0","0","1"
"2008","NW","Nidwald","926,41","0","0,25","0","3,75","926","0","0","0","4"
"2008","ZG","Zoug","1374,39","23,57","1,95","0","14,02","1374","24","2","0","14"
"2008","TI","Tessin","2033,22","21,79","0,23","6,12","24,08","2033","22","0","6","24"
"2009","VD","Vaud","3341,24","506,18","41,38","78,16","166,96","3341","506","41","78","167"
"2009","VS","Valais","4900,8","48,62","3,65","5,37","54,99","4901","49","4","5","55"
"2009","GE","Genève","369,07","109,19","1,37","21,3","45,05","369","109","1","21","45"
"2009","BE","Berne","18542,89","807,22","125,24","23,16","367,03","18543","807","125","23","367"
"2009","FR","Fribourg","2546,19","196,61","52,98","10,12","211,86","2546","197","53","10","212"
"2009","SO","Soleure","3334,42","165,28","39,58","0,5","113,97","3334","165","40","1","114"
"2009","NE","Neuchâtel","1163,94","42,1","1,63","7,31","14,39","1164","42","2","7","14"
"2009","JU","Jura","2935,77","262,13","10,51","6,2","58,71","2936","262","11","6","59"
"2009","BS","Bâle-Ville","80,88","23,27","0","0","0","81","23","0","0","0"
"2009","BL","Bâle-Campagne","2948,86","262,89","11,2","1","95,92","2949","263","11","1","96"
"2009","AG","Argovie","4007,03","650,4","58,27","29,24","311,01","4007","650","58","29","311"
"2009","ZH","Zurich","6671,16","680,39","82,57","16,14","599,64","6671","680","83","16","600"
"2009","GL","Glaris","1463,91","0","0","0","1,4","1464","0","0","0","1"
"2009","SH","Schaffhouse","536,66","116,14","11,58","15,21","55,69","537","116","12","15","56"
"2009","AR","Appenzell Rh.-Ext.","2205,78","0","0,31","0","0,38","2206","0","0","0","0"
"2009","AI","Appenzell Rh.-Int.","308,22","0","0,2","0","0","308","0","0","0","0"
"2009","SG","Saint-Gall","7554,6","75,21","3,1","6,79","74,49","7555","75","3","7","74"
"2009","GR","Grisons","30161,1","176,87","16,08","0,5","145,17","30161","177","16","1","145"
"2009","TG","Thurgovie","4251,74","549,03","94,45","15,9","386,82","4252","549","94","16","387"
"2009","LU","Lucerne","4841,26","273,11","26,29","9,55","189,58","4841","273","26","10","190"
"2009","UR","Uri","853,65","0","0,27","0","1,12","854","0","0","0","1"
"2009","SZ","Schwyz","2532,58","0","1,43","0","3,29","2533","0","1","0","3"
"2009","OW","Obwald","2205,86","0","0,08","0","0,64","2206","0","0","0","1"
"2009","NW","Nidwald","927,92","0","0,43","0","3,68","928","0","0","0","4"
"2009","ZG","Zoug","1343,95","25,67","2,45","0","15,92","1344","26","2","0","16"
"2009","TI","Tessin","2052,38","23,16","0,17","8,73","25,91","2052","23","0","9","26"
